Carraz,female
Riverola,unknown
Ugarte,unknown
Fernandes,unknown
García,unknown
Infantes,unknown
Vecino,male
Singh,male
Grillo,male
Herrero,male
boehm,unknown
Spivakov,male
Rendón,male
Wilkinson,male
Weiler,male
Gonzalez,unknown
Chernacac,unknown
Musmarra,unknown
Mendoza,male
Mirams,unknown
Perrier,unknown
Folena,unknown
Barneto,unknown
Shipunov,unknown
BORILLO,male
MATTOUT,unknown
Gao,unknown
Wyatt,male
Pape,male
Burns,male
Mukhopadhyay,unknown
Potts,unknown
Galán,unknown
Burns,male
Lin,unknown
Macdonald,male
Franciolini,unknown
Ramesh,male
cau,unknown
Maggini,unknown
Dey,unknown
Peralvo,male
Ravia,unknown
CAMPOS,male
Plisson-Chastang,unknown
Ricci,unknown
Marie-Françoise,female
Polard,unknown
Marchal,unknown
Nair,female
Stuhr-Wulff,unknown
Timmers,male
Canitrot,unknown
rouviere,unknown
Keller,unknown
LISA,female
Dahan,male
Cantaloube,unknown
lauzeral,unknown
Emmanuelle,female
Masson-Boivin,unknown
Alemany,unknown
Coen,male
Aguirrebengoa,unknown
László,male
Vandromme,unknown
Dussutour,female
Chaigne,unknown
MAES,unknown
hanemian,unknown
Pons,unknown
KHATIB,male
VERNIE,unknown
SOLINAS,unknown
Pierre,male
Macia,unknown
Clemente,male
Rey,male
Rau,male
Tambalo,unknown
Almansa,male
jacquin,unknown
ladouce,female
Agüero,male
Zylbertal,unknown
Coutant,unknown
Iriondo,male
Houtz,unknown
Murnin,unknown
Rozen-Rechels,unknown
Fraux,unknown
Martin-Garcia,unknown
Cooke,unknown
Ye,unknown
Martin-Garcia,unknown
Smith,male
García,unknown
blum,unknown
Dolde,female
Ulrich,male
García,unknown
DeSoto,male
Zaldivar,unknown
Grau-Bové,unknown
Casas,male
Perrry,unknown
Villoutreix,female
Luis,male
claire,female
Courte,unknown
Domenech,male
Camille,female
Naranjo,male
Peris,unknown
Déborah,female
Zatka-Haas,unknown
Murugeson,male
Clerc,unknown
PS,unknown
Caboche,unknown
HAY,unknown
ROQUE,male
Poyatos,male
Perfeito,male
Wigby,unknown
Marroquin,unknown
Domenech-Garcia,unknown
Jordan,male
Valdivia,unknown
Ali,male
Delafont,unknown
González,unknown
Ocaña,female
Wong,unknown
Hoffmann,unknown
Vetillard,unknown
Hamelin,unknown
Rossbroich,unknown
Gazzola,male
Koroutcheva,unknown
Hespen,unknown
Berlage,unknown
Lellouch,unknown
PIERRELÉE,male
Hamelin,unknown
Lacroix,unknown
Thomazo,unknown
Moutin,unknown
Alvey,male
Pagès,unknown
HERRERA,unknown
Bank,male
Henry,male
Syrowatka,unknown
Trouche,male
Montigny,unknown
Berdan,male
Soares,unknown
Berthouly,male
Feurtey,unknown
Bonhomme,male
GHADDAR,male
Leeuwen,male
Erden,male
Esquivel,unknown
Hijazi,male
ROY,male
Haegeman,unknown
Michel,male
Refrégier,unknown
Gabriel,male
Rossi,unknown
Pacífico,male
Mazal,unknown
Fragata,unknown
Yuen,unknown
GALLARDO,male
Hullo,unknown
THORET,unknown
Piganeau,male
Capeyrou,unknown
Lavarenne,unknown
Tamian,male
KRAUS,unknown
Debat,unknown
Daian,unknown
Nardou,unknown
Sancer,male
GAY,unknown
LAURENT,male
Wilson,male
Bellard,unknown
Dechaud,unknown
Debeffe,female
Raimondeau,unknown
Gastrow,unknown
Nath,female
Legrand,unknown
Shapiro,male
Kneeshaw,unknown
Pirrello,male
DALMON,male
Figueiras,male
JEAN,male
Mathieu-Bégné,unknown
Froissart,unknown
Dutreuil,unknown
Dutech,female
CH.,unknown
Martin,male
Sloan,male
NOËL,male
Etzol,female
Duruflé,unknown
Dettai,unknown
Struelens,male
Shah,male
Granon,unknown
Glémin,male
CHARRIER,unknown
Tamames,unknown
Chaux-Jukic,unknown
Grohens,female
Bérengère,female
CHENUIL,unknown
Wetzels,unknown
Emma,female
Stetsenko,unknown
VACHER,unknown
Farhan,male
Gevaudan,male
Sellis,female
ETIENNE,male
Marine,female
Moisy,male
ANSTETT,unknown
Balasubramaniam,male
Laure,female
Stéphanie,female
Jay,male
Phadwal,unknown
Mourey,male
Tengölics,unknown
Frison,unknown
Huang,unknown
Jones,male
Carcano,male
Edmunds,male
Beyts,female
ANTE-TESTARD,unknown
López-Bravo,unknown
meunier,unknown
Saiz,unknown
Besombes,unknown
duneau,unknown
Johnson,male
Garzon,male
Mahajan,male
Ribeiro,unknown
Gubellini,unknown
Stoffel,male
Ari,unknown
persoons,unknown
Neyrolles,unknown
Lord,male
Pacull,unknown
Castro,male
Kilani,male
Poeydebat,unknown
Marchand,unknown
BOUGER,unknown
Sanchez,unknown
Erdo?an,unknown
Mousset,unknown
Erdo?an,unknown
BIGOT,unknown
Brachi,unknown
Barbot,unknown
Simonet,unknown
Aouache,male
Jactel,unknown
COUGOULE,unknown
Rodde,male
Matheron,unknown
Piou,unknown
Roy,male
Marchand,unknown
Liska,female
Roux,unknown
Santana,unknown
BOURGUET,unknown
Thalguter,unknown
Askjaer,unknown
Procé,male
Thouvenel,male
Pergaud,male
pairo-castineira,unknown
Sánchez,unknown
Devos,unknown
Jurisic,unknown
Guilhot,unknown
Lemaire,unknown
Garcia,unknown
Soularue,unknown
Hadfield,unknown
López-Escardó,unknown
Leroy,male
Harrington,male
Paliou,unknown
AHMAD,male
Pipier,male
Chollet,unknown
Massol,unknown
Camas,unknown
Lugo,male
Baines,male
Jorge,male
Nicolas,male
BEAUMELLE,unknown
Rubio,male
Charrier,unknown
Carvajal,unknown
