Maëlle,female
Iñigo,male
Rodrigo,male
Miguel,male
Miguel,male
Sergio,male
Rebeca,female
Prerna,female
Marco,male
Ana,female
Urs,male
Mikhail,male
Javier,male
Richard,male
Simon,male
Gabriel,male
Fabian,male
Juan,male
Juan,male
Gary,male
Mickaël,male
Mariana,female
Jose,male
Grigory,male
FRANCISCO,male
Anna,female
Richard,male
William,male
Constantin,male
Nathan,male
Sourish,male
Kathryn,female
José,male
Allison,female
Andrew,male
Stewart,male
Gabriele,male
Poornima,female
elise,female
Ivan,male
Gautam,male
Lorena,female
Aharon,male
Manuel,male
Celia,female
Sara,female
O'Donohue,unknown
Patrice,male
Paul,male
Rekha,female
Fine,unknown
Ton,male
Yvan,male
Christian,male
Keller,unknown
MUNIZ,male
Lionel,male
Sylvain,male
christine,female
Guillou,unknown
Catherine,female
Anna,female
Olivier,male
Marion,female
Zoltán,male
Marie,female
Audrey,female
Clair,female
Arthur,male
mathieu,male
Simon,male
Moustafa,male
Tatiana,female
Marcello,male
Mathias,male
Felicià,female
Helene,female
Julian,male
E-Ping,unknown
Monica,female
Eva,female
lisa,female
nathalie,female
Juan,male
Asaph,male
Opale,female
Jose,male
Rachel,female
Aoife,female
David,male
Guillaume,male
Javier,male
Sophie,female
Dajia,unknown
Javier,male
Evelyn,female
Cristina,female
David,male
Ulla,female
Yuko,female
Cristina,female
Lucía,female
Bryan,male
Xavier,male
Alberto,male
Jennifer,female
Paul,male
Nuno,male
schirmer,unknown
Josquin,male
Natalia,female
Boutin,unknown
Maria,female
Antoine,male
FEDERICO,male
Peter,male
Saravanan,male
Nadine,female
Kesavan,male
Jocelyne,female
HAY,unknown
Micaela,female
Juan,male
Lilia,female
Stuart,male
Alberto,male
Natalia,female
Molitor,unknown
Ana,female
Eljebbawi,unknown
Vincent,male
Raúl,male
Nazaret,female
Sara,female
Maximilian,male
Vetillard,unknown
Marjolaine,female
Julian,male
Morgan,male
Elka,female
Rosanna,female
Caroline,female
Annemarie,female
Michaël,male
Jérôme,male
Thomas,male
Jean-Baptiste,male
Elisa,female
James,male
Julie,female
Ximena,female
Claudia,female
Elia,unknown
Christine,female
Didier,male
Montigny,unknown
Emma,female
André,male
Berthouly,male
Alice,female
Vincent,male
Ali,male
Pauline,female
Zeki,male
Ursula,female
Sara,female
Mélanie,female
Bart,male
Tibayrenc,unknown
Guislaine,female
MARKOV,male
Natacha,female
Cátia,female
Lucas,male
Inês,female
Benedict,male
Cesar,male
Marie,female
ETIENNE,male
Gwenael,male
Capeyrou,unknown
Jérémy,male
Anouch,unknown
Jean-Louis,male
Vincent,male
Daian,unknown
Xavier,male
Gizem,female
Laurene,female
Benoit,male
Charlie,male
Céline,female
Corentin,male
Lucie,female
Pauline,female
Lucas,male
Saurabh,male
Legrand,unknown
Julie,female
Sophie,female
Julien,male
Anne,female
Edite,female
Kévin,male
Eglantine,female
Rémy,male
Sébastien,male
Cyril,male
Maixent,male
Carmen,female
Richard,male
Amélie,female
Julie,female
Harold,male
Agnes,female
Quentin,male
Forum,unknown
Sylvie,female
Sylvain,male
Pierre-Antoine,male
Javier,male
Ivana,female
Théotime,male
Mathieu,male
Anne,female
Stefanie,female
CORRE,unknown
Roman,male
Corinne,female
Dr.,unknown
Juan,male
Diamantis,male
Lucie,female
Faucher,unknown
Cédric,male
Marie,female
Shandiya,unknown
VILLATE,male
Mariette,female
Flora,female
Kanchan,unknown
Lionel,male
Roland,male
Julien,male
Wu,unknown
William,male
Arthur,male
Danielle,female
Cammy,unknown
Pearl,female
Maria,female
Etienne,male
Alberto,male
Besombes,unknown
david,male
Nila,female
Marta,female
Sonalika,female
Susana,female
Paolo,male
Martin,male
Eszter,female
antoine,male
Olivier,male
Toby,male
François,male
Patricia,female
Ramzi,male
Charlotte,female
Lorene,female
BOUGER,unknown
Thibaut,male
Zeliha,female
Xavier,male
Zeliha,female
Claire,female
Benjamin,male
Estelle,female
Camille,female
Rajaa,female
Hervé,male
Céline,female
Nathalie,female
Guillaume,male
Cyril,male
Aniket,male
Marylise,female
Orsolya,female
Camille,female
Amelia,female
DENIS,male
Sarah,female
Peter,male
Sophie,female
Laurie,female
Julien,male
erola,female
Juan,male
Damien,male
Anamarija,female
Guilhot,unknown
Patrick,male
Ruben,male
Jean-Paul,male
Jarrod,male
David,male
Boris,male
Bailey,unknown
Christina,female
Bassam,male
Angélique,female
Simon,male
François,male
Francisco,male
Geanncarlo,unknown
Katie,female
Jorge,male
Gaudenzio,male
Bruno,male
Marina,female
N.,unknown
Jaime,male
